<?xml version="1.0" encoding="UTF-8"?>
<project-private xmlns="http://www.netbeans.org/ns/project-private/1">
    <editor-bookmarks xmlns="http://www.netbeans.org/ns/editor-bookmarks/2" lastBookmarkId="0"/>
    <open-files xmlns="http://www.netbeans.org/ns/projectui-open-files/2">
        <group>
            <file>file:/home/hocvien/Desktop/BigExerciseDay1_BuiTruongMinhTuan/src/bigexerciseday1_buitruongminhtuan/Bai9.java</file>
            <file>file:/home/hocvien/Desktop/BigExerciseDay1_BuiTruongMinhTuan/src/bigexerciseday1_buitruongminhtuan/Bai3.java</file>
            <file>file:/home/hocvien/Desktop/BigExerciseDay1_BuiTruongMinhTuan/src/bigexerciseday1_buitruongminhtuan/Bai2.java</file>
        </group>
    </open-files>
</project-private>
