<?xml version="1.0" encoding="UTF-8"?>
<project-private xmlns="http://www.netbeans.org/ns/project-private/1">
    <editor-bookmarks xmlns="http://www.netbeans.org/ns/editor-bookmarks/2" lastBookmarkId="0"/>
    <open-files xmlns="http://www.netbeans.org/ns/projectui-open-files/2">
        <group>
            <file>file:/home/hocvien/Desktop/BigExerciseDay2_BuiTruongMinhTuan/test/TestBai2.java</file>
            <file>file:/home/hocvien/Desktop/BigExerciseDay2_BuiTruongMinhTuan/src/bigexerciseday2_buitruongminhtuan/Bai4.java</file>
            <file>file:/home/hocvien/Desktop/BigExerciseDay2_BuiTruongMinhTuan/test/TestBai4.java</file>
            <file>file:/home/hocvien/Desktop/BigExerciseDay2_BuiTruongMinhTuan/src/bigexerciseday2_buitruongminhtuan/Bai7.java</file>
        </group>
    </open-files>
</project-private>
