<?xml version="1.0" encoding="UTF-8"?>
<project-private xmlns="http://www.netbeans.org/ns/project-private/1">
    <editor-bookmarks xmlns="http://www.netbeans.org/ns/editor-bookmarks/2" lastBookmarkId="0"/>
    <open-files xmlns="http://www.netbeans.org/ns/projectui-open-files/2">
        <group>
            <file>file:/home/hocvien/Desktop/bai11_BuiTruongMinhTuan/src/bai11_buitruongminhtuan/bai11_8.java</file>
            <file>file:/home/hocvien/Desktop/bai11_BuiTruongMinhTuan/src/bai11_buitruongminhtuan/bai11_9.java</file>
        </group>
    </open-files>
</project-private>
