<?xml version="1.0" encoding="UTF-8"?>
<project-private xmlns="http://www.netbeans.org/ns/project-private/1">
    <editor-bookmarks xmlns="http://www.netbeans.org/ns/editor-bookmarks/2" lastBookmarkId="0"/>
    <open-files xmlns="http://www.netbeans.org/ns/projectui-open-files/2">
        <group>
            <file>file:/C:/Users/long/Downloads/Compressed/bai15_BuiTruongMinhTuan/bai15_BuiTruongMinhTuan/test/TestBac2.java</file>
            <file>file:/C:/Users/long/Downloads/Compressed/bai15_BuiTruongMinhTuan/bai15_BuiTruongMinhTuan/src/bai15_buitruongminhtuan/bai15_4.java</file>
            <file>file:/C:/Users/long/Downloads/Compressed/bai15_BuiTruongMinhTuan/bai15_BuiTruongMinhTuan/test/TestLuong.java</file>
        </group>
    </open-files>
</project-private>
