<?xml version="1.0" encoding="UTF-8"?>
<project-private xmlns="http://www.netbeans.org/ns/project-private/1">
    <editor-bookmarks xmlns="http://www.netbeans.org/ns/editor-bookmarks/2" lastBookmarkId="0"/>
    <open-files xmlns="http://www.netbeans.org/ns/projectui-open-files/2">
        <group>
            <file>file:/home/hocvien/Desktop/Bai3_BuiTruongMinhTuan/src/bai3_buitruongminhtuan/Bai3_5.java</file>
            <file>file:/home/hocvien/Desktop/Bai3_BuiTruongMinhTuan/src/bai3_buitruongminhtuan/Bai3_BuiTruongMinhTuan.java</file>
            <file>file:/home/hocvien/Desktop/Bai3_BuiTruongMinhTuan/src/bai3_buitruongminhtuan/Bai3_4.java</file>
            <file>file:/home/hocvien/Desktop/Bai3_BuiTruongMinhTuan/src/bai3_buitruongminhtuan/Bai3_6.java</file>
            <file>file:/home/hocvien/Desktop/Bai3_BuiTruongMinhTuan/src/bai3_buitruongminhtuan/Bai3_3.java</file>
            <file>file:/home/hocvien/Desktop/Bai3_BuiTruongMinhTuan/src/bai3_buitruongminhtuan/Bai3_7.java</file>
        </group>
    </open-files>
</project-private>
